entropy_aleatoric_CIFAR10,entropy_epistemic_CIFAR10,entropy_aleatoric_SVHN,entropy_epistemic_SVHN
"[array([0.1243743 , 1.2881814 , 0.34651384, ..., 0.1977199 , 0.40574077,
       0.19005343], dtype=float32)]","[array([-47.94507 , -37.625244, -64.12891 , ..., -42.507446, -42.26367 ,
       -47.351562], dtype=float32)]","[array([0.30540547, 1.101005  , 1.4937047 , ..., 0.8341181 , 1.2366347 ,
       1.1991447 ], dtype=float32)]","[array([-48.594727, -38.402832, -33.552734, ..., -43.788086, -36.926025,
       -35.946045], dtype=float32)]"
